{
  "train": {
    "rmse": 4.798773048722827,
    "mae": 3.6869533056308543,
    "r2": 0.9170325095204062
  },
  "test": {
    "rmse": 10.072891606569257,
    "mae": 8.202687448180788,
    "r2": 0.5968960100591383
  }
}