{
  "train": {
    "rmse": 4.766942703583122,
    "mae": 3.689411746171431,
    "r2": 0.918129508822655
  },
  "test": {
    "rmse": 10.203313816123188,
    "mae": 8.406494620589484,
    "r2": 0.586389777453604
  }
}